{
    "capabilities": [
        {
            "browserName": "firefox",
            "maxInstances": 5,
            "seleniumProtocol": "WebDriver"
        },
        {
            "browserName": "chrome",
            "maxInstances": 5,
            "seleniumProtocol": "WebDriver"
        },
        {
            "platform": "WINDOWS",
            "browserName": "internet explorer",
            "maxInstances": 1,
            "seleniumProtocol": "WebDriver"
        },
        {
            "browserName": "safari",
            "maxInstances": 3,
            "seleniumProtocol": "WebDriver"
        },
        {
            "browserName": "htmlunit",
            "maxInstances": 3,
            "seleniumProtocol": "WebDriver"
        }
    ],
    "proxy": "org.openqa.grid.selenium.proxy.DefaultRemoteProxy",
    "maxSession": 3,
    "port": 5555,
    "register": true,
    "registerCycle": 5000,
    "hub": "http://localhost:4444"
}