{
	"fields":{
		"JIRA":{
			"summary":{
				"fieldName":"Summary",
				"show":"true",
				"moduleId":"JIRA",
				"fieldType":"TEXTFIELD",
				"fieldValue":"bug",
				"fieldId":"summary"
				},
			"issueType":{
				"fieldName":"Issue Type",
				"show":"true",
				"moduleId":"JIRA",
				"fieldType":"DROPDOWN",
				"fieldValue":"Bug,Task,Improvement,Epic,Story,Test",
				"fieldId":"issueType"
				},
			"environment":{
				"fieldName":"Environment",
				"show":"true",
				"moduleId":"JIRA",
				"fieldType":"TEXTAREA",
				"fieldValue":"WIN7,CHROME",
				"fieldId":"environment"
				},
			"project":{
				"fieldName":"Project",
				"show":"true",
				"moduleId":"JIRA",
				"fieldType":"TEXTFIELD",
				"fieldValue":"DEMO",
				"fieldId":"project"
				},
			"description":{
				"fieldName":"Description",
				"show":"true",
				"moduleId":"JIRA",
				"fieldType":"TEXTAREA",
				"fieldValue":"DESC",
				"fieldId":"description"
				},
			"assignee":{
				"fieldName":"Assignee",
				"show":"false",
				"moduleId":"JIRA",
				"fieldType":"DROPDOWN",
				"fieldValue":"ADMIN,USER_1",
				"fieldId":"assignee"
				},
			"priority":{
				"fieldName":"Priority",
				"show":"true",
				"moduleId":"JIRA",
				"fieldType":"DROPDOWN",
				"fieldValue":"Major,Blocker,Critical,Minor,Trivial",
				"fieldId":"priority"
				}
			}
		},
	"modules":["JIRA"]
	}